"","id","year","avgPrice","pounds","consumption","consumption_bids","goalFactor","yellowPounds","bluePounds","maroonPounds"
"185",14,"2005",-0.0287120715048905,250764,-9690,-9690,0.1662,287122.26,NA,17902
"186",14,"2006",0.0567645668927691,1717560,111378,111378,0.1662,1616318,259953,NA
"187",14,"2007",0.0728736859554024,2311929,137180,137180,0.17,1888432,560082,221722
"188",14,"2008",0.221922645271376,1241158,182218,182218,0.17,1074378,992557,29485
"189",14,"2009",0.269305595213961,945815,153393,153393,0.18,690118,816201,91265
"190",14,"2010",0.155861380324574,957415,108344,108344,0.18,541082.01999468,1439026,181018
"191",14,"2011",0.200580080438478,1366171,170020,170020,0.19,839088,1969201,98148
"198",14,"2002",NA,NA,NA,NA,0.1662,132613.21,5507,NA
"199",14,"2003",NA,NA,NA,NA,0.1662,152157.168,209809,NA
"200",14,"2004",NA,NA,NA,NA,0.1662,123354.333,NA,NA
"377",27,"2005",0.254391583643825,596168.633433736,41364.89099859,145796,0.1482,389328.92,NA,NA
"378",27,"2006",0.438079874655112,410424.77751334,104594.526992954,171645,0.1482,270110,0,32808
"379",27,"2007",0.600379597855539,386022,135867,153867,0.15,306329.79994,0,NA
"380",27,"2008",0.748977182343724,532638,182360,182360,0.15,402624,178933,NA
"381",27,"2009",0.896682594715154,382230,182112,182112,0.24,217115.5,254834,NA
"382",27,"2010",0.624984087282339,371160,178161,178161,0.25,165639,311361,NA
"383",27,"2011",1.23747288250915,360671,185441,185441,0.25,108385,246046,NA
"390",27,"2002",NA,NA,NA,NA,0.1482,16749.12,NA,NA
"391",27,"2003",NA,NA,NA,NA,0.1482,40621.368,NA,NA
"392",27,"2004",NA,NA,NA,NA,0.1482,33385.633,NA,NA
"430",31,"2005",0.595238095238095,141320,50000,50000,0.3362,59285.26,NA,NA
"431",31,"2006",0.0964730077916339,957530,100247,100247,0.3362,431786,0,NA
"432",31,"2007",0.139701280346253,1320534,156889,156889,0.34,886088.2,1324218,NA
"433",31,"2008",0.171837561423275,2019553,327850,327850,0.34,1329143,3556404,NA
"434",31,"2009",0.141581956222561,3006967,362660,362660,0.51,1196460.04,5648702,35071
"435",31,"2010",0.112527295705139,4713995,440734,440734,0.49,1535761,8415022,136661
"436",31,"2011",0.0388524518340853,8153287,267134,267134,0.6,5464657,9009269,31568
"443",31,"2002",NA,NA,NA,NA,0.3362,42957.41598,NA,NA
"444",31,"2003",NA,NA,NA,NA,0.3362,90661.368,NA,NA
"445",31,"2004",NA,NA,NA,NA,0.3362,227944.49264,NA,NA
"477",34,"2005",0,64320,0,0,0.0043,87739,NA,NA
"478",34,"2006",0.0132154760510781,144703,-1635,-1635,0.0043,217888.50998,0,NA
"479",34,"2007",0.0279592020867756,579247.97010372,6296,7452,0.02,435315,0,NA
"480",34,"2008",0.136943233116823,524257,32836,32836,0.05,367257,153335,NA
"481",34,"2009",0.257420149980704,395019,38085,38085,0.05,356374.174,352627,NA
"482",34,"2010",0.247193405373265,292707.921182266,26741,46741,0.04,249493.76000399,524157,NA
"483",34,"2011",0.250193877226249,243401.099728366,19840,39840,0.04,209664,597812,NA
"490",34,"2002",NA,NA,NA,NA,0.0043,14485.12,NA,NA
"491",34,"2003",NA,NA,NA,NA,0.0043,11605.368,NA,NA
"492",34,"2004",NA,NA,NA,NA,0.0043,5489.88,NA,NA
"508",36,"2005",NA,NA,NA,NA,0.0064,276980.26,NA,NA
"509",36,"2006",-0.094587191475216,212077,-12500,-12500,0.0064,248925.24,90932,17600
"510",36,"2007",0.0703582147871294,214454,12552,12552,0.01,299860,913304,NA
"511",36,"2008",0.126520135566188,40128,5077,5077,0.01,581016,1337074,NA
"512",36,"2009",0.136362339689461,439309,15304,15304,0.01,225770,1574192,NA
"513",36,"2010",0.0185034742314815,340882,4162,4162,0.01,279125,2780223,NA
"514",36,"2011",0.0904937524082127,146162,6576,6576,0.01,270839,2307221,NA
"521",36,"2002",NA,NA,NA,NA,0.0064,62989.35033,NA,NA
"522",36,"2003",NA,NA,NA,NA,0.0064,62403.868,1131,NA
"523",36,"2004",NA,NA,NA,NA,0.0064,27931.793,56303,NA
"524",37,"2005",0.004995,206420,999,999,0.9707,2734213.14,NA,40000
"525",37,"2006",0.212064992014756,2574498.6560448,491126,491127,0.9707,2923300,1340188,NA
"526",37,"2007",0.170034045813696,3916609,563948,567948,0.97,2761469,1573470,NA
"527",37,"2008",0.307395772454423,4123595.6640214,977050,982212,0.97,2427577.60001,507203,NA
"528",37,"2009",0.187295492459826,6026325.1200521,997469,1010857,0.9,2997210.2,1233605,NA
"529",37,"2010",0.0785759927161858,8150042,621536,621536,0.92,2204883.6,1596640,NA
"530",37,"2011",0.0493273680848912,9530351,444941,444941,0.89,3007875.4,3154745,NA
"537",37,"2002",NA,NA,NA,NA,0.9707,466640.12,2313883,NA
"538",37,"2003",NA,NA,NA,NA,0.9707,472838.368,2671735,NA
"539",37,"2004",NA,NA,NA,NA,0.9707,1437311.075,3819442,NA
"562",40,"2005",0.630109549419402,61216,33000,33000,0.1133,155345.26,NA,NA
"563",40,"2006",0.958831278135025,179255,81000,81000,0.1133,327649,251886,NA
"564",40,"2007",0.0546832439195684,567875,33077,33077,0.11,265742,196148,364920
"565",40,"2008",0.498269836031115,714992.8333333,124220,130229,0.11,313111,448524,83344
"566",40,"2009",0.187189867018602,1111562,91834,95414,0.1,373543,707077,537434
"567",40,"2010",0.0990053333780438,1072057,65362,68862,0.11,209910,997878,801174
"568",40,"2011",0.142465087255464,1406730.27264776,133872,137940,0.1,299755,935446,64680
"575",40,"2002",NA,NA,NA,NA,0.1133,693770.12,316783,NA
"576",40,"2003",NA,NA,NA,NA,0.1133,275571.368,248611,NA
"577",40,"2004",NA,NA,NA,NA,0.1133,309809.033,273233,NA
"593",43,"2005",0.036185670791193,473309,13778,13778,0.1119,951352.26,NA,136500
"594",43,"2006",0.0157977358445399,2213645,39488,39488,0.1119,2128673.82,330296,217000
"595",43,"2007",0.117614868842669,1435125,124432,124432,0.11,1629421.99989,870919,557213
"596",43,"2008",0.10684557097995,1509444,106385,106385,0.11,1600629,1283911,589115
"597",43,"2009",0.17755578219925,995552,57787,57787,0.1,985378.333333333,877813,224353
"598",43,"2010",0.559143613709589,563425,246948,246948,0.3,646163,3046997,689858
"599",43,"2011",0.546036601026135,810444,389230,389230,0.31,982436,4317853,606058
"607",43,"2003",NA,NA,NA,NA,0.1119,111935.368,2012688,NA
"608",43,"2004",NA,NA,NA,NA,0.1119,412606.633,2469196,NA
"631",46,"2005",0.274031139072984,172551,52507,52507,0.2046,840668.25,NA,28080
"632",46,"2006",0.255251770920436,556792,130877,130877,0.2046,865575.11,219973,18708
"633",46,"2007",0.389223664207202,398805,94014,94014,0.2,525145.8999,313941,66000
"634",46,"2008",0.516318883405143,736422,327737,327737,0.2,1007597.72409,389593,67368
"635",46,"2009",0.613804183545236,417191,135642,135642,0.19,872344.896,848724,115300
"636",46,"2010",0.983919016510203,216091,126891,126891,0.2,668932,889661,35000
"637",46,"2011",0.785499767684642,135587,85462,85462,0.19,554839,729932,NA
"644",46,"2002",NA,NA,NA,NA,0.2046,507283.26,24999,NA
"645",46,"2003",NA,NA,NA,NA,0.2046,617340.92174,320004,NA
"646",46,"2004",NA,NA,NA,NA,0.2046,1031215.548,188049,NA
"647",47,"2005",1.07699435095888,107914,66459,66459,0.4001,478750.01,NA,NA
"648",47,"2006",0.629001160081506,307641,181098,181098,0.4001,267166.32,NA,NA
"649",47,"2007",0.28846698376571,846274,199239,199239,0.4,725873.234,NA,NA
"650",47,"2008",0.601091302257424,745774,398981,398981,0.4,540196.5,NA,NA
"651",47,"2009",0.519966462908882,821178,284790,284790,0.49,334734,NA,NA
"652",47,"2010",0.268788190344829,1924753,389210,389210,0.5,636308,NA,NA
"653",47,"2011",0.164303496270069,2290160,295313,295313,0.5,699192.8,NA,NA
"660",47,"2002",NA,NA,NA,NA,0.4001,542711.98,NA,NA
"661",47,"2003",NA,NA,NA,NA,0.4001,267786.1456,NA,NA
"662",47,"2004",NA,NA,NA,NA,0.4001,251598.21901,NA,NA
"734",53,"2005",0.0585006143196089,2113794,117559,117559,0.7121,2587158.128,NA,NA
"735",53,"2006",0.21122926202004,2116040,300393,300393,0.7121,1633246.638,5748,NA
"736",53,"2007",0.0873136348917202,5719923,378772,381272,0.71,3922144.04199,186916,9049
"737",53,"2008",0.24079930319031,4048698,737065,752065,0.71,3380226,1450021,107176
"738",53,"2009",0.205878916545354,3597601,610457,610457,0.68,2673360.7,3481055,NA
"739",53,"2010",0.533297096240161,2134986,1026810,1026810,0.74,1963524.13,7886705,571515
"740",53,"2011",0.310023141922819,2511654,511126,511126,0.77,1872595.6,11114732,112120
"747",53,"2002",NA,NA,NA,NA,0.7121,1204964.4644,NA,NA
"748",53,"2003",NA,NA,NA,NA,0.7121,1639560.7214,44696,NA
"749",53,"2004",NA,NA,NA,NA,0.7121,1850430.24982,NA,NA
"803",58,"2005",0.484493866633663,1567688.9379128,618689.6768196,622653,2.3127,3151026.26,NA,79074
"804",58,"2006",0.469573416549648,2554994.11007772,875541.9010432,888811,2.3127,2153287.867,NA,70000
"805",58,"2007",0.484266029688601,3827383,1235492,1253492,2.31,2063692,NA,30000
"806",58,"2008",0.901894982481247,2864801,1923070,1923070,2.31,1959634,NA,57252
"807",58,"2009",1.22292516313851,1928070,1756578,1756578,2.07,956678.802,NA,591166
"808",58,"2010",1.28930042807078,1341878,1659095,1659095,2.13,989121,NA,747647
"809",58,"2011",1.43846183178593,812651,1054096,1054096,2.15,740373,NA,57600
"816",58,"2002",NA,NA,NA,NA,2.3127,2999228.049,NA,NA
"817",58,"2003",NA,NA,NA,NA,2.3127,3627449.138,NA,NA
"818",58,"2004",NA,NA,NA,NA,2.3127,4364207.633,NA,NA
"917",66,"2005",0.328877378412381,2125765,560933,560933,2.0435,3299630.7601,NA,199203
"918",66,"2006",0.201869012082947,5304522,866082,866082,2.0435,3752282,NA,227200
"919",66,"2007",0.460456006856398,3734216,1255436,1255436,2.05,2657157,NA,NA
"920",66,"2008",0.578430081282797,4117153,1792162,1792162,2.05,2464441,NA,40000
"921",66,"2009",0.509927452734834,4408976,1483734,1483734,2.14,1630693.464,NA,NA
"922",66,"2010",0.381418774481999,5167901,1345492,1345492,2.26,3062401.18,NA,NA
"923",66,"2011",0.255578563984117,7839999,1173391,1173391,2.23,4889232,NA,NA
"930",66,"2002",NA,NA,NA,NA,2.0435,3349426.33008,NA,NA
"931",66,"2003",NA,NA,NA,NA,2.0435,4076323.618,NA,NA
"932",66,"2004",NA,NA,NA,NA,2.0435,3256061.293,NA,NA
"933",67,"2005",0.213849577390704,891959,200380,200380,0.9821,1672161.76,NA,NA
"934",67,"2006",0.257757974624521,1553204,420490,420490,0.9821,1350100.97117,NA,NA
"935",67,"2007",0.523059061144422,513581,234496,234496,0.79,531422.4,NA,37150
"936",67,"2008",0.444983791773022,1320970,602633,602633,0.76,999950,NA,NA
"937",67,"2009",0.859501395930088,1024821,473571,473571,0.79,929739.4,NA,NA
"938",67,"2010",0.555304034965395,560955.0788177,254686,254986,0.66,355394.8,NA,NA
"939",67,"2011",0.635642619494312,270305.9002716,131319,131935,0.66,334877,NA,NA
"946",67,"2002",NA,NA,NA,NA,0.9821,1293639.011,NA,NA
"947",67,"2003",NA,NA,NA,NA,0.9821,981116.368,NA,NA
"948",67,"2004",NA,NA,NA,NA,0.9821,1098379.63808,NA,NA
"1002",72,"2005",0.196658209086839,2743214,564782,564782,2.2071,4454532.24845,NA,NA
"1003",72,"2006",0.295708717782081,4354642,942850,942850,2.2071,3371807.06,NA,230400
"1004",72,"2007",0.512599078925597,3983747.5,1300939,1337042,2.21,2801600,NA,NA
"1005",72,"2008",0.291852225154786,8724548,1788693,1788693,2.21,6278659.2,NA,251230
"1006",72,"2009",0.254647699646141,9191493,1641901,1641901,2.12,5208664,NA,NA
"1007",72,"2010",0.214352739361142,7983870,1341639,1341639,2.13,4438726,NA,93600
"1008",72,"2011",0.230074158198991,4722853,682695,682695,2.08,1651125,NA,45000
"1015",72,"2002",NA,NA,NA,NA,2.2071,1436084.71955,NA,NA
"1016",72,"2003",NA,NA,NA,NA,2.2071,2381724.83861,NA,NA
"1017",72,"2004",NA,NA,NA,NA,2.2071,2859983.15914,NA,NA
"1018",73,"2005",0.131454892253115,1248006,137726,137726,0.7851,2491493.71,NA,39850
"1019",73,"2006",0.113064557605879,2676854,256277,256277,0.7851,2686884.70601,NA,120000
"1020",73,"2007",0.148846479596812,1422994,181514,181516,0.79,1209083.896,NA,NA
"1021",73,"2008",0.28982483255333,1448990.5,266604,278354,0.79,1402484.302,NA,NA
"1022",73,"2009",0.218642552008878,1677605,170705,172205,0.83,1346916.528,NA,NA
"1023",73,"2010",0.334445414142893,2552299,497303,497303,0.86,1611122.213,NA,NA
"1024",73,"2011",0.217226669186399,3818381,448059,448059,0.88,1868353,NA,NA
"1031",73,"2002",NA,NA,NA,NA,0.7851,1788691.11898,NA,NA
"1032",73,"2003",NA,NA,NA,NA,0.7851,2081307.53657,NA,NA
"1033",73,"2004",NA,NA,NA,NA,0.7851,2156327.151,NA,NA
"1055",76,"2005",0.276309255445901,1475701,364340,364340,1.4879,2469008.1332,NA,NA
"1056",76,"2006",0.240151316944342,3304448.49159093,568208,576283,1.4879,3273043.77721,NA,NA
"1057",76,"2007",0.305320057600661,3283800.01006785,848702,911799,1.49,2956895,NA,NA
"1058",76,"2008",0.403082956328136,6568992.07770123,1368336,1388136,1.49,3109708.92,NA,NA
"1059",76,"2009",0.348728423664682,4344046.2299574,1102556,1132556,1.53,3002473.98199597,NA,NA
"1060",76,"2010",0.320346228092307,3686518.4989688,937148,946148,1.52,2759073.289,NA,NA
"1061",76,"2011",0.230213592602784,4127238,744560,744560,1.47,3045067.4,NA,NA
"1068",76,"2002",NA,NA,NA,NA,1.4879,2633551.3,NA,NA
"1069",76,"2003",NA,NA,NA,NA,1.4879,2614279.963,NA,NA
"1070",76,"2004",NA,NA,NA,NA,1.4879,2043319.653,NA,NA
"1071",77,"2005",0.166188240947878,2609841,402671,402671,1.6904,7159263.99831,NA,NA
"1072",77,"2006",0.156994472405633,4395429,622705,622705,1.6904,4636987.275,NA,NA
"1073",77,"2007",0.224831007391471,5135489.6,1032013,1038313,1.69,4931726.374,NA,NA
"1074",77,"2008",0.337395574982447,6145508.972196,1445540,1449520,1.69,4698494.882,NA,NA
"1075",77,"2009",0.347785762430593,4550390,1282477,1282477,1.79,4107305.44605435,NA,NA
"1076",77,"2010",0.382607591684178,3498356,1149947,1149947,1.83,3157395.72500211,NA,NA
"1077",77,"2011",0.480264213358839,2383317,889923,889923,1.82,2228707,NA,NA
"1084",77,"2002",NA,NA,NA,NA,1.6904,4180907.24573,NA,NA
"1085",77,"2003",NA,NA,NA,NA,1.6904,4116010.00081,NA,NA
"1086",77,"2004",NA,NA,NA,NA,1.6904,4602926.92396,NA,NA
"1087",78,"2005",0.294627760577684,1336778,381549,381549,1.3578,3737291.60203,NA,167500
"1088",78,"2006",0.183986901226181,3948565,588626,589327,1.3578,3776706.64621,NA,223599
"1089",78,"2007",0.283582341960066,4099563,769440,769440,1.36,3054749.14,NA,139200
"1090",78,"2008",0.413733997621039,3687025,1216753,1216753,1.36,3124028.63,NA,1e+05
"1091",78,"2009",0.491767990959275,3134531,1134359,1134359,1.54,2704445.16,NA,120000
"1092",78,"2010",0.410105199821871,3313421,982077,982077,1.43,2801169.67,NA,445000
"1093",78,"2011",0.569931339023185,2837304,1078294,1078294,1.44,2684325.325,NA,790466
"1100",78,"2002",NA,NA,NA,NA,1.3578,3351941.03,NA,NA
"1101",78,"2003",NA,NA,NA,NA,1.3578,3271236.08912,NA,NA
"1102",78,"2004",NA,NA,NA,NA,1.3578,3609476.98796,NA,NA
"1103",79,"2005",0.0933318275493702,4475930,250057,250057,1.0992,3427819.95449,NA,45000
"1104",79,"2006",0.0851334097433309,8774772,347696,347696,1.0992,4753913.98899,NA,NA
"1105",79,"2007",0.136949261688163,5969072.9322708,618222,633715,0.99,3605534.51099,NA,NA
"1106",79,"2008",0.155404918142054,6131723,791169,791169,1.01,5277451.07,NA,NA
"1107",79,"2009",0.23270926755451,4006804,790257,790257,1.13,3772815,NA,NA
"1108",79,"2010",0.357519042058063,1810195,628332,628332,1.12,1796855.00005,NA,NA
"1109",79,"2011",0.758642644155374,1449023,557168,557168,1.11,1553222,NA,NA
"1116",79,"2002",NA,NA,NA,NA,1.0992,2329301.19167,NA,NA
"1117",79,"2003",NA,NA,NA,NA,1.0992,2187716.34,NA,NA
"1118",79,"2004",NA,NA,NA,NA,1.0992,2352869.333,NA,NA
"1119",80,"2005",0.37549947882583,2627596.39384501,745290.895602796,853375,2.6012,8953292.76,NA,NA
"1120",80,"2006",0.32982253999076,4715457.83699583,1008104.08847318,1108209,2.6012,5656863,NA,NA
"1121",80,"2007",0.727643670392772,2877654.67214906,1460762,1590500,2.61,3280786,NA,NA
"1122",80,"2008",1.32209139921721,2914851.25066842,2343395,2405032,2.66,3041716,NA,NA
"1123",80,"2009",1.21503412272755,2128763.01873881,1899561,1939222,2.64,2714384.5,NA,NA
"1124",80,"2010",0.951423346476289,2381578.96988157,1570615,1632163,2.52,3052290.755,NA,25872
"1125",80,"2011",0.811973237347842,2403526.96847764,1314517,1398963,2.49,3041812,NA,NA
"1132",80,"2002",NA,NA,NA,NA,2.6012,6239236.67198,NA,NA
"1133",80,"2003",NA,NA,NA,NA,2.6012,8355672.32744,NA,NA
"1134",80,"2004",NA,NA,NA,NA,2.6012,7872698.8482,NA,NA
"1156",83,"2005",0.198138542200699,904614,174957,174957,0.4195,1667485.26,NA,NA
"1157",83,"2006",0.38713007091865,765800,250461,250461,0.4195,738927,NA,38808
"1158",83,"2007",0.402510429347168,791111,199155,199155,0.42,738428.88,NA,NA
"1159",83,"2008",0.653382160395524,744426,377834,377834,0.42,699578,NA,NA
"1160",83,"2009",1.01009118581606,426868,296665,296665,0.39,420350,NA,NA
"1161",83,"2010",0.961196208557031,333951,253442,253442,0.4,315772,NA,NA
"1162",83,"2011",0.631357618131766,326912,206674,206674,0.4,313864,NA,NA
"1169",83,"2002",NA,NA,NA,NA,0.4195,851157.12,NA,NA
"1170",83,"2003",NA,NA,NA,NA,0.4195,1150925.188,NA,NA
"1171",83,"2004",NA,NA,NA,NA,0.4195,665940.153,NA,NA
"1172",84,"2005",0.354303896246083,625640,230508,230508,0.8826,1168777.26,NA,NA
"1173",84,"2006",0.217578733954588,1697249,281887,281887,0.8826,1548275,NA,NA
"1174",84,"2007",0.520338612705721,895996,448300,448300,0.84,703769.24,NA,NA
"1175",84,"2008",0.940277893242205,923751,749333,749333,0.84,783203,NA,NA
"1176",84,"2009",0.935401938826557,722419,615200,615200,0.86,586304.001,NA,NA
"1177",84,"2010",1.01313288039884,561470,530500,530500,0.83,370458.36,NA,NA
"1178",84,"2011",1.63773486608923,252090,349052,349052,0.85,152582,NA,NA
"1185",84,"2002",NA,NA,NA,NA,0.8826,927085.88188,NA,NA
"1186",84,"2003",NA,NA,NA,NA,0.8826,1099098.36808,NA,NA
"1187",84,"2004",NA,NA,NA,NA,0.8826,919434.393,NA,NA
"1188",85,"2005",0.327415418180053,1130270,360791,360791,0.485,1800444.63,NA,138301
"1189",85,"2006",0.347605609717945,1922496,477711,477711,0.485,1887734,NA,244916
"1190",85,"2007",0.373345968579494,2101725,551749,551749,0.48,2135911,NA,120000
"1191",85,"2008",0.623895769863819,1770200,758768,758768,0.48,1593578,NA,50000
"1192",85,"2009",0.521635508655127,1677638,543665,543665,0.6,1384042,NA,33115
"1193",85,"2010",0.515229306725285,1596599.993998,648570,652570,1.16,1312682,NA,59551
"1194",85,"2011",0.297655817662173,2903115,533738,533738,1.05,1327235,NA,27054
"1201",85,"2002",NA,NA,NA,NA,0.485,1588394.62,NA,NA
"1202",85,"2003",NA,NA,NA,NA,0.485,1684509.62361,NA,NA
"1203",85,"2004",NA,NA,NA,NA,0.485,1452727.3639,NA,NA
"1210",87,"2005",0.153701574801287,1711331,264523,264523,1.3398,3559128.08704,NA,67500
"1211",87,"2006",0.159249839983647,4368518,592321,592321,1.3398,4454712.13306,NA,NA
"1212",87,"2007",0.210368768727052,4742920,739861,739861,1.34,2784280.987,NA,88923
"1213",87,"2008",0.441098039058595,3371483.5,907406,918906,1.34,2923072.88818,NA,38000
"1214",87,"2009",0.268735587453091,4009517,523755,525255,1.35,2015000.769,NA,NA
"1215",87,"2010",0.158012599215501,5772912,559749,559749,1.43,1707271.351,NA,54000
"1216",87,"2011",0.119152574252005,6134749,503005,503005,1.47,1058269,NA,107460
"1223",87,"2002",NA,NA,NA,NA,1.3398,3636150.6789,NA,NA
"1224",87,"2003",NA,NA,NA,NA,1.3398,2653310.948,NA,NA
"1225",87,"2004",NA,NA,NA,NA,1.3398,2491713.10202,NA,NA
"1226",88,"2005",0.249922320609239,3155234,649316,649316,2.6666,5866233.77,NA,NA
"1227",88,"2006",0.271862167353961,4874837,999484,998484,2.6666,3624234,NA,102758
"1228",88,"2007",0.400406137581528,4891474,1483810,1483810,2.66,3831601.197,NA,28725
"1229",88,"2008",0.737114820636731,4860113,2544481,2544581,2.66,3296558.7,NA,46240
"1230",88,"2009",0.501592440019047,5085156.08641975,1927103,1927174,2.66,3121763.86,NA,34560
"1231",88,"2010",0.423799646122885,5641247,1619458,1619458,2.71,2507425.59,NA,87900
"1232",88,"2011",0.216909649461524,9774564,1380297,1380297,2.64,2026027,NA,40000
"1239",88,"2002",NA,NA,NA,NA,2.6666,7331021.16167,NA,NA
"1240",88,"2003",NA,NA,NA,NA,2.6666,6739312.6681,NA,NA
"1241",88,"2004",NA,NA,NA,NA,2.6666,7263315.08334,NA,NA
"1248",90,"2005",0.0987554909619047,4299227,414374,414374,1.8689,5980789.79,NA,255200
"1249",90,"2006",0.186255126956268,6855142,920054,920054,1.8689,5368669.14488,NA,471482
"1250",90,"2007",0.158803217585302,9173809,1043784,1043784,1.87,7412990.55585,NA,462722
"1251",90,"2008",0.201930645939975,12478339,1704937,1704937,1.87,10309214.739,NA,726060
"1252",90,"2009",0.292637779561628,6920273,1383498,1383498,1.97,5546319.136,NA,732087
"1253",90,"2010",0.249004443916576,9823186,1850775,1850775,1.82,7643410.12336,NA,1764383
"1254",90,"2011",0.170728054882758,9596715,1138768,1138768,1.86,7796144.85099164,NA,693850
"1261",90,"2002",NA,NA,NA,NA,1.8689,3891121.64997,NA,NA
"1262",90,"2003",NA,NA,NA,NA,1.8689,4267376.61361,NA,NA
"1263",90,"2004",NA,NA,NA,NA,1.8689,4334062.527,NA,NA
"1264",91,"2005",0.111433607341538,2184946,257447,257447,1.1147,4195802.68499,NA,NA
"1265",91,"2006",0.205994520756842,3174097,435412,435412,1.1147,4215137.132,NA,NA
"1266",91,"2007",0.283622174357068,2551834,560124,560124,1.12,3405325.7,NA,NA
"1267",91,"2008",0.69441905595199,2431820,1071877,1071877,1.12,2780440.4,NA,401400
"1268",91,"2009",0.622117326946758,1870410.2123523,1068204,1083204,1.3,1946768,NA,271728
"1269",91,"2010",0.499435907191462,2422640,978295,978295,1.3,2557281.63,NA,166000
"1270",91,"2011",0.220775767220253,5029294,717667,717667,1.25,2895712.5,NA,72000
"1277",91,"2002",NA,NA,NA,NA,1.1147,3020646.0315,NA,NA
"1278",91,"2003",NA,NA,NA,NA,1.1147,3175246.36795,NA,NA
"1279",91,"2004",NA,NA,NA,NA,1.1147,3502829.708,NA,NA
"1280",92,"2005",0.100257135071882,694360,66080,66080,0.2865,739563.76,NA,NA
"1281",92,"2006",0.152628254342205,1266971.96419935,161406.60862095,223928,0.2865,1075076.2743,NA,NA
"1282",92,"2007",0.178458058409536,1359944.2713966,177150,190545,0.29,1282811.19594,NA,NA
"1283",92,"2008",0.198344031114106,1790051.72707304,253354,283016,0.29,1491717,NA,NA
"1284",92,"2009",0.155764307340269,1925072.04472576,240139,266939,0.27,1538855.6,NA,NA
"1285",92,"2010",0.16135927774002,1379243.69454196,153690,179292,0.27,1237125.9798663,NA,NA
"1286",92,"2011",0.267677315353996,948081.146265078,211649,240980,0.24,774041,NA,85220
"1293",92,"2002",NA,NA,NA,NA,0.2865,1134145.12,NA,NA
"1294",92,"2003",NA,NA,NA,NA,0.2865,761906.368,NA,NA
"1295",92,"2004",NA,NA,NA,NA,0.2865,665237.58489,NA,NA
"1296",93,"2005",0.136171472356591,960004.6961529,117370.756845908,136837,0.5533,1181742.79,NA,NA
"1297",93,"2006",0.0850137873036281,3357364.70457138,212108.32301159,240484,0.5533,2646667.21311,NA,NA
"1298",93,"2007",0.0932871829341112,4942015.8151252,303538,336756,0.55,2875455,NA,NA
"1299",93,"2008",0.151332788200047,5450268.6055026,490429,507729,0.55,2119050,NA,NA
"1300",93,"2009",0.0920384703562023,7662452.15368395,390650,425620,0.56,2129104.84,NA,NA
"1301",93,"2010",0.148476615100032,6282102.43825189,454520,479991,0.57,1438633,NA,14971
"1302",93,"2011",0.127904463944644,4449486.3407844,328625,338468,0.59,1350281,NA,5856
"1309",93,"2002",NA,NA,NA,NA,0.5533,1221147.14052,NA,NA
"1310",93,"2003",NA,NA,NA,NA,0.5533,1213894.22798,NA,NA
"1311",93,"2004",NA,NA,NA,NA,0.5533,1582005.233,NA,NA
"1312",94,"2005",0.295396577061144,1556747,370294,370294,1.4291,3080872.67176,NA,770097
"1313",94,"2006",0.284143379591134,2604650,727827,728528,1.4291,2301782.6467,NA,650685
"1314",94,"2007",0.423686724829007,3320941.5,958291,994394,1.43,2817021,NA,216465
"1315",94,"2008",0.5645019067097,3376226,1229644,1229644,1.31,3012472,NA,343148
"1316",94,"2009",0.488956076211314,3077613.69269008,1140660,1168139,1.56,2249702.785,NA,712418
"1317",94,"2010",0.572063743459046,2435562,1181469,1181469,1.63,2329428.259,NA,915413
"1318",94,"2011",0.563491740042741,1964025,800853,800853,1.58,1865050.475,NA,249000
"1325",94,"2002",NA,NA,NA,NA,1.4291,1754363.61,NA,NA
"1326",94,"2003",NA,NA,NA,NA,1.4291,2463909.78971,NA,NA
"1327",94,"2004",NA,NA,NA,NA,1.4291,2117229.433,NA,NA
"1360",97,"2005",NA,NA,NA,NA,0.1076,166159.26,NA,NA
"1361",97,"2006",0.0777651174638114,367780,24670,24670,0.1076,457924,451,NA
"1362",97,"2007",0.0822494231090745,791882.3719537,56389,58989,0.11,325712.74787,0,NA
"1363",97,"2008",0.0883857905373584,833150.3333333,64175,66426,0.11,329175.46,45350,NA
"1364",97,"2009",0.218299682233095,793755.87994792,79824,117040,0.1,392896.782888315,182873.5,NA
"1365",97,"2010",0.0596390277482043,1280663,55690,55690,0.09,511262,144772,NA
"1366",97,"2011",0.0512848178991531,1240536,41112,41112,0.09,309227,253359,31758
"1373",97,"2002",NA,NA,NA,NA,0.1076,141992.12,NA,NA
"1374",97,"2003",NA,NA,NA,NA,0.1076,129652.368,NA,NA
"1375",97,"2004",NA,NA,NA,NA,0.1076,77273.633,NA,NA
"1376",98,"2005",0.211657725075539,1148755,168623,168623,0.9079,3596597.26,NA,NA
"1377",98,"2006",0.219268154781489,1955505,362569,362569,0.9079,1990133,291605,NA
"1378",98,"2007",0.228955815212704,3140096,520400,520400,0.91,2788958,231394,NA
"1379",98,"2008",0.573590642082037,1451255,695806,695806,0.91,1433420,379716,280000
"1380",98,"2009",1.22012564512169,202530,191650,191650,0.56,240069,963729,NA
"1381",98,"2010",2.83360732192296,110221,314592,314592,0.58,72473,954177,NA
"1382",98,"2011",1.79128331594423,21086,37771,37771,0.59,70821,1171920,NA
"1389",98,"2002",NA,NA,NA,NA,0.9079,2307344.12,97028,NA
"1390",98,"2003",NA,NA,NA,NA,0.9079,2291638.368,135751,NA
"1391",98,"2004",NA,NA,NA,NA,0.9079,2658831.333,394852,NA
"1510",107,"2005",0.288422492403259,440858.772784,124604.78557428,146791,0.6783,848291.5,NA,66960
"1511",107,"2006",0.172134004765386,1517479,225244,225244,0.6783,1194091.4,362059.5,85150
"1512",107,"2007",0.176940398728288,2303599.6280463,394063,396669,0.68,1713748,234530.5,NA
"1513",107,"2008",0.325552569764346,2031375.66666667,641455,642456,0.68,1401902,62637,30468
"1514",107,"2009",1.24846280067809,762718,329652,329652,0.33,625971.5,364014,NA
"1515",107,"2010",0.481274307729769,621723.9318182,267300,269400,0.32,385567,224151,NA
"1516",107,"2011",0.513816962173647,260522,130589,130589,0.32,305214,252779,NA
"1523",107,"2002",NA,NA,NA,NA,0.6783,980776.78787,139308,NA
"1524",107,"2003",NA,NA,NA,NA,0.6783,1322318.368,262711,NA
"1525",107,"2004",NA,NA,NA,NA,0.6783,922129.633,371749.5,NA
"1606",113,"2005",0.42102551260516,91387.12131537,37794.331733,64000,0.2602,223205.26,NA,NA
"1607",113,"2006",0.129856724494976,457817,54256,54256,0.2602,122869.00004,2602,NA
"1608",113,"2007",0.4238000899176,553571,175396,175396,0.19,204922.51,219666,16719
"1609",113,"2008",0.450615928828271,406070,178050,178050,0.19,197944.31,408437,NA
"1610",113,"2009",0.428841330070687,374563,136600,136600,0.16,273218.4,584042,NA
"1611",113,"2010",0.390546261954364,391932,152970,152970,0.17,218827.7,1286577,NA
"1612",113,"2011",0.384639657363162,463643.06174238,127921,168056,0.18,376615.9,1817531,NA
"1620",113,"2003",NA,NA,NA,NA,0.2602,33991.368,65535,NA
"1621",113,"2004",NA,NA,NA,NA,0.2602,35993.633,1755,NA
"1686",118,"2005",0.0838953773136162,2114502,172361,172361,0.2785,2513764.34,NA,102501
"1687",118,"2006",0.0311038107865497,5117555,130412,130412,0.2785,4172624.97401,192574.5,30650
"1688",118,"2007",0.0864899496307909,3191240,159180,159180,0.28,2549935.48,456364,NA
"1689",118,"2008",0.139275953151023,3144034,262211,262211,0.28,2249951.452,679807,NA
"1690",118,"2009",0.0952892458601205,2441800,172652,172652,0.23,1823228.62,1679637,NA
"1691",118,"2010",0.0880522927998522,2736299,173079,173079,0.22,2200216.0388663,2313536,NA
"1692",118,"2011",0.0563190226870328,2703901,94305,94305,0.22,2071068,2096678,NA
"1699",118,"2002",NA,NA,NA,NA,0.2785,322907.11878,NA,NA
"1700",118,"2003",NA,NA,NA,NA,0.2785,190967.168,1095,NA
"1701",118,"2004",NA,NA,NA,NA,0.2785,891046.0252,295221,NA
"1750",122,"2005",NA,NA,NA,NA,0.2396,117807.76,NA,NA
"1751",122,"2006",0.244838170490184,752879,108757,108757,0.2396,587290.79998,0,NA
"1752",122,"2007",0.125270587189953,1652192,155897,155897,0.24,1394607,696073,NA
"1753",122,"2008",0.322206001761228,1273376,241008,241008,0.24,1033994.36,1170333,NA
"1754",122,"2009",0.404864485000942,899560,213123,213123,0.22,647885.36,2578253,NA
"1755",122,"2010",0.279914351012548,812791,140994,140994,0.22,528573.4,3631231,NA
"1756",122,"2011",0.403170996464011,420193,133201,133201,0.22,304744,3959630,NA
"1763",122,"2002",NA,NA,NA,NA,0.2396,332460.42,500,NA
"1764",122,"2003",NA,NA,NA,NA,0.2396,45599.368,NA,NA
"1765",122,"2004",NA,NA,NA,NA,0.2396,9406.593,NA,NA
"1766",123,"2005",NA,NA,NA,NA,0.4007,51328.76,NA,NA
"1767",123,"2006",0.297841732910075,108117,32500,32500,0.4007,73276.45,102209,NA
"1768",123,"2007",0.71694177543882,534758,229768,229768,0.4,52570,710934,NA
"1769",123,"2008",0.832626325971051,435018.05233608,338179,416233,0.4,5365.5,603531,NA
"1770",123,"2009",0.837804808633076,572863.90694786,379051,390656,0.38,79243,1056119.95,NA
"1771",123,"2010",0.830600107038736,307223.6666667,225060,227260,0.37,25798,1611666,NA
"1772",123,"2011",0.470373389157408,610428.8977273,248391,255391,0.37,76246.88,1835403,NA
"1779",123,"2002",NA,NA,NA,NA,0.4007,69149.12,781162,NA
"1780",123,"2003",NA,NA,NA,NA,0.4007,138187.408,823623,NA
"1781",123,"2004",NA,NA,NA,NA,0.4007,68380.633,339208,NA
"1782",124,"2005",0.0699322866244915,259762,25748,25748,0.162,616085.26,NA,NA
"1783",124,"2006",0.134893217903403,234231,25290,25290,0.162,465931.35993,389584,NA
"1784",124,"2007",0.430898559941059,293297,101506,101506,0.16,316081.4,551677,NA
"1785",124,"2008",0.462263440293809,304772,133314,133314,0.16,347597.36,702378,NA
"1786",124,"2009",0.404116271783943,134180,37505,37505,0.17,260744.6,751783,NA
"1787",124,"2010",0.95345979145458,126567,106008,106008,0.18,233792.74,1122352,NA
"1788",124,"2011",0.609635269925142,275408,156011,156011,0.17,273680.85,1208962,NA
"1795",124,"2002",NA,NA,NA,NA,0.162,619041.12,11642,NA
"1796",124,"2003",NA,NA,NA,NA,0.162,551319.81244,60952,NA
"1797",124,"2004",NA,NA,NA,NA,0.162,379720.543,212727,NA
"1828",127,"2005",1.19969585076273,64649,72777,72777,0.5404,362192.26006,NA,NA
"1829",127,"2006",0.0668702971748129,277461,14201,14201,0.5404,349854,85094,NA
"1830",127,"2007",1.11805583410981,391158,343954,343955,0.54,480524,65894,NA
"1831",127,"2008",0.342515940253259,1190589,323042,323042,0.54,705663,480701,NA
"1832",127,"2009",0.604904624584795,679816,271495,271495,0.45,572988,1031937,NA
"1833",127,"2010",0.401145120200313,901166,314195,314195,0.45,341642.62,1264721,NA
"1834",127,"2011",0.485449745604472,1441926,458857,458857,0.45,873316.7,1834687,92315
"1841",127,"2002",NA,NA,NA,NA,0.5404,431610.12,218093,NA
"1842",127,"2003",NA,NA,NA,NA,0.5404,358578.36971,155885,NA
"1843",127,"2004",NA,NA,NA,NA,0.5404,666633.643,137656,NA
"1860",129,"2005",0.108255574088399,388428.01470588,9688.24264706,56816,0.154,302548.967,NA,NA
"1861",129,"2006",0.094289129591632,1356346,67169,67869,0.154,783479.80499,702019,NA
"1862",129,"2007",0.14381619644616,1509045.6716748,84843,103286,0.15,606959.14,1539864,NA
"1863",129,"2008",0.516287470440798,1208098,265885,265885,0.15,478419.559,3595151,178560
"1864",129,"2009",0.241189344879777,1778676,127837,127837,0.14,437838.952,2817960,10700
"1865",129,"2010",0.153768410112776,1729842,89777,89777,0.15,418581,3528618,NA
"1866",129,"2011",0.177924538968518,1307785,79097,79097,0.15,192939,3835433,NA
"1873",129,"2002",NA,NA,NA,NA,0.154,61547.12,8912,NA
"1874",129,"2003",NA,NA,NA,NA,0.154,56966.36768,NA,NA
"1875",129,"2004",NA,NA,NA,NA,0.154,23688.633,18000,NA
"1963",136,"2005",0.114745451840122,2444478.26628064,28259.2164637931,253791,0.0658,636144.26,NA,NA
"1964",136,"2006",0.0662360522689828,5502183.51759882,7368.715350514,203614,0.0658,2098047,76354,NA
"1965",136,"2007",0.11012834026095,6713453.42409915,50541,469239,0.07,3607907,93167,NA
"1966",136,"2008",0.11181654764371,7962576.68147858,40833,285094,0.07,5058757.769,149534.5,NA
"1967",136,"2009",0.0696151329543067,5814039.66602376,108208,201502,0.06,3146897,711991,NA
"1968",136,"2010",0.0781209278856349,5785358.46439389,49777,191358,0.06,1700253,1865868,NA
"1969",136,"2011",0.0267728086196701,4212266.41771219,27195,83349,0.06,1461033,3136500,NA
"1976",136,"2002",NA,NA,NA,NA,0.0658,11636.12,45210,NA
"1977",136,"2003",NA,NA,NA,NA,0.0658,32560.368,139764,NA
"1978",136,"2004",NA,NA,NA,NA,0.0658,122663.633,53966,NA
"2027",140,"2005",NA,NA,NA,NA,0.218,284573.062,NA,NA
"2028",140,"2006",NA,NA,NA,NA,0.218,183130,4813,NA
"2029",140,"2007",NA,NA,NA,NA,0.22,291744.472,3220,NA
"2030",140,"2008",NA,NA,NA,NA,0.22,119729,139256,NA
"2031",140,"2009",NA,NA,NA,NA,0.18,108534.4,420266,NA
"2032",140,"2010",NA,NA,NA,NA,0.18,119116,727112,NA
"2033",140,"2011",NA,NA,NA,NA,0.18,143364.95,1221878,NA
"2040",140,"2002",NA,NA,NA,NA,0.218,8963.12,66420,NA
"2041",140,"2003",NA,NA,NA,NA,0.218,23598.868,187500,NA
"2042",140,"2004",NA,NA,NA,NA,0.218,176774.325,22019,NA
"2043",141,"2005",0.293319095318627,911079,247956,247956,0.8986,3500543.26,NA,NA
"2044",141,"2006",0.208850084895179,1793720,340963,340963,0.8986,1366347.061,348850,NA
"2045",141,"2007",0.253863314748733,2320377,484308,484308,0.9,1756500,634724,NA
"2046",141,"2008",0.388445091835451,2280510,780527,780527,0.9,1728585.35,400118,NA
"2047",141,"2009",0.450423601669742,1658764,605293,605293,0.72,1109306,723486,NA
"2048",141,"2010",0.324462535828748,1991460,527072,527072,0.75,1182462.262,1467510,NA
"2049",141,"2011",0.279925948305411,1719334,386254,386254,0.75,1221383.16,2834131,NA
"2056",141,"2002",NA,NA,NA,NA,0.8986,1637815.57912,43502,NA
"2057",141,"2003",NA,NA,NA,NA,0.8986,2143069.818,42055,NA
"2058",141,"2004",NA,NA,NA,NA,0.8986,1946837.97464,103300,NA
"2160",149,"2005",0.0230488170378664,561698,23282,23282,0.1171,353897.26,NA,NA
"2161",149,"2006",0.128270463079399,1195330,112098,112098,0.1171,1137132,372599,NA
"2162",149,"2007",0.206705457451254,702584.838092649,64830,597565,0.12,397579,92814,NA
"2163",149,"2008",0.377166417822369,470459.822310785,103290,963047,0.12,209184,981735,25000
"2164",149,"2009",0.320773492552126,743217.556998296,83199,828018,0.1,492427.8,1396096.02,45706
"2165",149,"2010",0.380110448129954,347388.435478986,70100,537106,0.1,223497.36,1769371,53560
"2166",149,"2011",0.257539585185999,565320.611901285,71974,380085,0.11,472817.2,2674993,54404
"2173",149,"2002",NA,NA,NA,NA,0.1171,14813.12,104463,NA
"2174",149,"2003",NA,NA,NA,NA,0.1171,12001.368,398289,NA
"2175",149,"2004",NA,NA,NA,NA,0.1171,68905.633,333009,NA
"2256",155,"2005",0.618059413540829,240186.232154192,3030.825724118,92197,0.0357,253362.26,NA,NA
"2257",155,"2006",0.126635023561772,821793.90498413,14447.038549066,83759,0.0357,511115.35972,29196,NA
"2258",155,"2007",0.200697123954647,529303.269523309,15097,141657,0.04,296169,121426,NA
"2259",155,"2008",0.252269959179796,675561.053114088,42544,105173,0.04,517366,231278,24300
"2260",155,"2009",0.1863465413966,632681.49056685,25073,137763,0.03,418653,611753,NA
"2261",155,"2010",0.387993415594802,226600.603159213,13386,81856,0.03,103429,1849719,NA
"2262",155,"2011",0.492270936729873,330880.90617253,17469,58656,0.03,123264,2057558,NA
"2269",155,"2002",NA,NA,NA,NA,0.0357,14987.12,NA,NA
"2270",155,"2003",NA,NA,NA,NA,0.0357,32681.368,1071,NA
"2271",155,"2004",NA,NA,NA,NA,0.0357,93305.633,26697,NA
"2272",156,"2005",0.278210820917871,422444.721996745,18124.825149758,129660,0.3482,146364.26,NA,162148
"2273",156,"2006",0.152815592684456,2008907.73616838,202031.347443699,230525,0.3482,1562358,1195017,516900
"2274",156,"2007",0.393339731012593,1613153.34636149,459783,482358,0.35,1235999,1117562,741710
"2275",156,"2008",0.545867739814561,1370796,376074,376184,0.41,1015124,132247,NA
"2276",156,"2009",0.4755554196304,1026883,322643,322643,0.4,605109.4,1419204,NA
"2277",156,"2010",0.353998852528316,835766,216651,216651,0.38,571984,2612325,NA
"2278",156,"2011",0.388500130654354,854171.6923077,206865,206265,0.39,327498,2986633,NA
"2285",156,"2002",NA,NA,NA,NA,0.3482,290447.32647,289972,NA
"2286",156,"2003",NA,NA,NA,NA,0.3482,60043.368,313521,NA
"2287",156,"2004",NA,NA,NA,NA,0.3482,61665.633,387583,NA
"2288",157,"2005",0.0840164946605951,423528,31122,31122,0.1253,245670.26,NA,40000
"2289",157,"2006",0.0985546053423604,641660,39620,39620,0.1253,392069,52215,24344
"2290",157,"2007",0.26404189440411,562599.7183583,104594,110801,0.13,293464,240028,10000
"2291",157,"2008",0.882348528891177,252466.65335904,130424,158589,0.13,268056,968004,NA
"2292",157,"2009",0.318524108182949,591535.895717,138935,149781,0.11,299071,1174792,110500
"2293",157,"2010",0.366699408441275,304932.2196038,84861,90562,0.11,282455,1218601,44600
"2294",157,"2011",0.283164943716281,342245,55566,55566,0.11,404792,1312586,NA
"2301",157,"2002",NA,NA,NA,NA,0.1253,3240.12,NA,NA
"2302",157,"2003",NA,NA,NA,NA,0.1253,187494.368,NA,NA
"2303",157,"2004",NA,NA,NA,NA,0.1253,90335.633,41059,NA
"2336",160,"2005",0.00312760607676339,4968469,-13375,-13375,0.1643,4419000.01682,NA,NA
"2337",160,"2006",0.00586657987583971,12748737,27921,27921,0.1643,10150727.81664,1123941,NA
"2338",160,"2007",0.00860454036077231,12418477,149805,149805,0.16,9342527.119,1127142,NA
"2339",160,"2008",0.0321759992150883,10769591,163215,163215,0.25,8362705.20399,1580954,NA
"2340",160,"2009",0.0297213830785912,12584625,237147,237248,0.23,8292244.96,1615957,NA
"2341",160,"2010",0.0282824673065132,11652679,160358,160359,0.24,8305066.917,2958586,NA
"2342",160,"2011",0.0220252465016571,13322739,174010,174015,0.24,8947471.78,2805361,5000
"2349",160,"2002",NA,NA,NA,NA,0.1643,2256968.47738,477767,NA
"2350",160,"2003",NA,NA,NA,NA,0.1643,932360.84359,743745,NA
"2351",160,"2004",NA,NA,NA,NA,0.1643,1450012.0184,2432422,NA
"2400",164,"2005",0.475755375967467,369403,148660,148660,0.3986,834362.86,NA,325439
"2401",164,"2006",0.363144336803836,611201,212095,212095,0.3986,828130.3,961476,NA
"2402",164,"2007",0.380307302976309,776241,278876,281376,0.4,676007,2078573,146400
"2403",164,"2008",0.43203587312604,1188501,359701,374701,0.4,1135967,1425757,47758
"2404",164,"2009",0.509668429279246,1655919,521747,521747,0.38,1481022.453,3772353.5,707968
"2405",164,"2010",0.526769755029534,940466,412125,412125,0.4,869511.812,5618652,442791
"2406",164,"2011",0.569852739353418,695891,277217,277217,0.43,973228,4957599,NA
"2413",164,"2002",NA,NA,NA,NA,0.3986,974316.41412,488773,NA
"2414",164,"2003",NA,NA,NA,NA,0.3986,806117.368,1246623,NA
"2415",164,"2004",NA,NA,NA,NA,0.3986,738099.633,1320076,NA
"2416",165,"2005",0.0878075670850784,86754,11238,11238,0.2615,682721.72,NA,34054
"2417",165,"2006",0.861275338217484,93359,91501,91501,0.2615,447149.4,1374023,105000
"2418",165,"2007",0.257634243512173,114991,35100,35100,0.26,475541.175,929271,NA
"2419",165,"2008",0.498675378546634,38041,18000,18000,0.26,420692.22,442188,NA
"2420",165,"2009",1.5618252050707,62675,105000,105000,0.29,379159.135,855043.2,NA
"2421",165,"2010",1.24722492454289,40089,50000,50000,0.3,539601.2,620108,NA
"2422",165,"2011",1.22558031227786,40797,50000,50000,0.28,708292.885,761387,NA
"2429",165,"2002",NA,NA,NA,NA,0.2615,583334.194,1112192,NA
"2430",165,"2003",NA,NA,NA,NA,0.2615,902707.559,1219735.6,NA
"2431",165,"2004",NA,NA,NA,NA,0.2615,711234.013,1607345,NA
"2448",167,"2005",0.192979532709732,307201.64268127,9378.522488496,88738,0.0561,167959.065,NA,NA
"2449",167,"2006",0.201280013351568,463084.78691357,26533.538417337,113075,0.0561,566501.805,90358,75012
"2450",167,"2007",0.118634163535738,726565,47549,47549,0.06,421731,5670,100326
"2451",167,"2008",0.633443837260377,552391.5138153,222834,245616,0.22,293583,507308,60000
"2452",167,"2009",0.454920969101977,667249,188440,188440,0.24,465323,939054,126664
"2453",167,"2010",0.460966871156547,976208.4695492,314580,325181,0.22,365218.952,1527143,38752
"2454",167,"2011",0.635227356563307,674592,219519,219519,0.23,312822,2382397,10294
"2461",167,"2002",NA,NA,NA,NA,0.0561,152137.32,329151,NA
"2462",167,"2003",NA,NA,NA,NA,0.0561,82502.72292,204046,NA
"2463",167,"2004",NA,NA,NA,NA,0.0561,120751.633,57273,NA
"2464",168,"2005",0.0393633280697555,991469.62119399,4321.32000625,35338,0.0392,532646.03346,NA,98116
"2465",168,"2006",0.091415101087959,1398549.92257893,14822.996285333,83916,0.0392,1136473,51486,95313
"2466",168,"2007",0.0432793852271494,1018876.28213189,47421,127196,0.04,761423,95127,19174
"2467",168,"2008",0.142425897049446,1508682,71749,71749,0.04,1109683,1253545,196792
"2468",168,"2009",0.0366509282428482,2596818,31403,31403,0.04,1130247,873520,NA
"2469",168,"2010",0.0468816086735549,3971591,120648,120648,0.04,1219580,1885807,NA
"2470",168,"2011",0.0633934820705083,3800108.47037485,98117,100252,0.04,1073136,2071885,NA
"2477",168,"2002",NA,NA,NA,NA,0.0392,224256.12,15563,NA
"2478",168,"2003",NA,NA,NA,NA,0.0392,33049.368,NA,NA
"2479",168,"2004",NA,NA,NA,NA,0.0392,254986.633,1568,NA
"2512",171,"2005",0.360178274661647,453560,141829.5,174330,0.5904,1117423.97402,NA,25249
"2513",171,"2006",0.274314678689611,973504,241664,241664,0.5904,1126665,63284,NA
"2514",171,"2007",0.303376085214007,1076204,310160,310160,0.59,1048891,250684,22865
"2515",171,"2008",0.675905739934997,815257,535318,535318,0.59,758425,1442749,NA
"2516",171,"2009",0.954703996746881,347125,322526,322526,0.72,428335,2096654,NA
"2517",171,"2010",1.94752218787835,238785,440391,440391,0.69,328483,5003177,NA
"2518",171,"2011",2.77236954233295,39898,110612,110612,0.7,222809,7171843,NA
"2525",171,"2002",NA,NA,NA,NA,0.5904,859498.68428,177277,NA
"2526",171,"2003",NA,NA,NA,NA,0.5904,787750.368,NA,NA
"2527",171,"2004",NA,NA,NA,NA,0.5904,1304873.633,57589,NA
"2544",173,"2005",0.372523278483132,1725545,344357,344357,1.0901,1550467.58038,NA,154126
"2545",173,"2006",0.134761274834588,4907296,470877,470877,1.0901,1801673,2256103,1e+05
"2546",173,"2007",0.243384407336369,4592413,554958,554958,1.09,1499627,2108572,41800
"2547",173,"2008",0.424529251313633,4927072,979543,979543,1.09,1565341,2264036.5,12700
"2548",173,"2009",0.176424050879532,7682168,811765,811765,0.94,824542,2463467.445,NA
"2549",173,"2010",0.0975155758038606,10812571,678061,678061,1.02,604524,2127189,NA
"2550",173,"2011",0.121941484240229,5763344,465019,465019,1.03,479649,2974780,NA
"2557",173,"2002",NA,NA,NA,NA,1.0901,1379485.52487,384170,NA
"2558",173,"2003",NA,NA,NA,NA,1.0901,1864010.368,3172357.07007,NA
"2559",173,"2004",NA,NA,NA,NA,1.0901,2088942.48347,2549844.01317,NA
"2575",175,"2005",0.157924743423006,702556,100506,100506,0.3483,1257809.86,NA,NA
"2576",175,"2006",0.112094408098497,1878832,167645,167645,0.3483,2044832.2,268801.94,179384
"2577",175,"2007",0.176699704585838,2596147,302765,317765,0.35,2569176.75,1662397,425000
"2578",175,"2008",0.254228377937569,3930499,598097,598097,0.35,2912022,2709878,675000
"2579",175,"2009",0.456308153618366,3976934,885662,885662,0.37,2807285,4283038,1939000
"2580",175,"2010",0.320730833468755,4227611,759035,759035,0.36,2871450.2,4651543,990000
"2581",175,"2011",0.159696395882172,4543192,420805,420805,0.35,3435921,5940670,324000
"2588",175,"2002",NA,NA,NA,NA,0.3483,715364.97538,61974,NA
"2589",175,"2003",NA,NA,NA,NA,0.3483,700412.368,512133,NA
"2590",175,"2004",NA,NA,NA,NA,0.3483,760598.733,249035,NA
"2591",176,"2005",0.235728426243442,816866,155992,155992,0.6826,604418.26,NA,176690
"2592",176,"2006",0.115596294027501,1473064,145863,145863,0.6826,987468,963718,NA
"2593",176,"2007",0.224687338362332,1268836,217128,217128,0.55,614656,2169307,NA
"2594",176,"2008",0.428759315288064,1420108,454511,454511,0.55,770288,4326215,NA
"2595",176,"2009",0.260364916319829,1987993,402649,402750,0.47,896088,3053052,NA
"2596",176,"2010",0.165037154105031,2028082.0834791,329242,329298,0.48,852428,4696808,127785
"2597",176,"2011",0.0851728137085,3571911,234783,234788,0.45,869290,4597079,NA
"2605",176,"2003",NA,NA,NA,NA,0.6826,45472.368,1205861,NA
"2606",176,"2004",NA,NA,NA,NA,0.6826,97505.633,1685360,NA
"2623",178,"2005",0.476076572174409,592608,327298,327298,1.199,1710902.8,NA,NA
"2624",178,"2006",0.391012329313833,1158931,435517,435517,1.199,1733988.49,140318,NA
"2625",178,"2007",0.494374663461305,1334255,605675,605675,1.2,1872630.60657,1310800,NA
"2626",178,"2008",0.720030513449889,1464480,1016671,1016671,1.2,2082780.15702,6138583,NA
"2627",178,"2009",0.884978227245258,1212817,921448,921448,1.34,1935612.44949257,8365841,31000
"2628",178,"2010",1.17668451662028,655918,777515,777515,1.39,1848680.4352,10658114,43740
"2629",178,"2011",1.69693457508713,564972,814121,814121,1.37,1223625.1,16151623,NA
"2636",178,"2002",NA,NA,NA,NA,1.199,1774955.0636,303333,NA
"2637",178,"2003",NA,NA,NA,NA,1.199,1466862.548,569703,NA
"2638",178,"2004",NA,NA,NA,NA,1.199,1528559.76909,637341.5,NA
"2639",179,"2005",0.259554175531258,632434,122019,122019,0.496,649210.26,NA,109850
"2640",179,"2006",0.331347648900399,746517.11428571,223996,250496,0.496,742571,467521,373365
"2641",179,"2007",0.426403590936112,888187.8181818,306365,324365,0.5,784225.04004,313345,91774
"2642",179,"2008",1.03021306699749,416069.440542578,410060,519343,0.5,401497,227506,150972
"2643",179,"2009",2.07523680670794,323907.56089368,343287,384513,0.44,242778,261748,41953
"2644",179,"2010",1.33061896710378,277214.2310376,306690,315306,0.42,188368,2381476,470000
"2645",179,"2011",2.83643728783081,223379,233500,233500,0.42,170538,981014,26000
"2652",179,"2002",NA,NA,NA,NA,0.496,258898.46,475903,NA
"2653",179,"2003",NA,NA,NA,NA,0.496,179173.788,358672,NA
"2654",179,"2004",NA,NA,NA,NA,0.496,147402.633,385787,NA
"2662",181,"2005",0.21004748483425,951487,175245,175245,0.8485,2956694.95059,NA,39770
"2663",181,"2006",0.306419562102983,1251993,367471,367471,0.8485,2642865.48463,6130409,90245
"2664",181,"2007",0.542516855668659,946868,496490,496490,0.85,1455737.84936,5927487,35200
"2665",181,"2008",0.678940897508338,1120559,714638,714638,0.85,1834224.952,7228714,NA
"2666",181,"2009",1.23075724864277,600470,611695,611695,0.81,1309710.34196,4369521,NA
"2667",181,"2010",1.25417695162471,524228,517415,517415,0.83,1647673.679,4580424,NA
"2668",181,"2011",0.603987586448903,182833,122628,122628,0.77,1537421.81,7106396,15000
"2675",181,"2002",NA,NA,NA,NA,0.8485,2408210.92355,4626843,NA
"2676",181,"2003",NA,NA,NA,NA,0.8485,2343864.10965,5160448,NA
"2677",181,"2004",NA,NA,NA,NA,0.8485,2893826.54736,5204354,NA
"2694",183,"2005",0.173628153317151,1015657,179214,179214,1.0642,2831836.78,NA,NA
"2695",183,"2006",0.0985403151202962,2671582,216642,216642,1.0642,2276443.73396,1397470,160000
"2696",183,"2007",0.333160990072583,2896690,773887,773887,1.06,2178688.175,1993970,444760
"2697",183,"2008",0.285253805285414,3994833,805256,805256,0.98,2884962.789,2002858,NA
"2698",183,"2009",0.155613055848666,3304162,712004,712004,0.94,2294392.9,3416113,NA
"2699",183,"2010",0.213863114341443,4831127,673750,673750,1,2233410.728,4908507,NA
"2700",183,"2011",0.300472061250203,2540305,522097,522097,0.99,2457637.00046,5623377,28000
"2707",183,"2002",NA,NA,NA,NA,1.0642,2874262.32029,821080,NA
"2708",183,"2003",NA,NA,NA,NA,1.0642,2878231.18693,442708,NA
"2709",183,"2004",NA,NA,NA,NA,1.0642,2520725.58676,365633,NA
"2710",184,"2005",-0.023406202424078,241847,-7150,-7150,0.263,298328.26,NA,NA
"2711",184,"2006",0.105156464782752,1155275,101756,101756,0.263,1140953.573,12163,139630
"2712",184,"2007",0.143504973310714,1915637,224831,224831,0.34,1285552.743,341367,7578
"2713",184,"2008",0.189220351717597,1660534,234245,234245,0.26,1253877.4,254371,NA
"2714",184,"2009",0.206347928552322,1360767,224068,224068,0.25,1025450.292,922468,NA
"2715",184,"2010",0.253712217079534,797942,149340,149340,0.26,604853.02,1354186,NA
"2716",184,"2011",0.157498504982989,809141.0184301,83572,88391,0.25,343266,1388918,24000
"2723",184,"2002",NA,NA,NA,NA,0.263,639314.12,128792,NA
"2724",184,"2003",NA,NA,NA,NA,0.263,138790.368,320946,NA
"2725",184,"2004",NA,NA,NA,NA,0.263,262808.39285,273702,NA
"2758",187,"2005",0.241647774806035,953701,199726,199726,1.2958,1785209.57,NA,NA
"2759",187,"2006",0.22702697926757,2609351,441713,441713,1.2958,2228506.543,566170.7,62840
"2760",187,"2007",0.352004086108389,1877142,527190,527190,1.3,1609269.95,2233693.96,NA
"2761",187,"2008",0.65379422217426,2353200,1022203,1022203,1.3,1863402,1869196.6,142560
"2762",187,"2009",0.387012548803526,3486225,880831,880831,1.44,1621637.2803132,8331059.6,28578
"2763",187,"2010",0.382364778024704,2761374,893870,893870,1.4,1741642.265,14450726,NA
"2764",187,"2011",0.24572727657663,3749891,727167,727167,1.45,2749466.8,16772263,66000
"2771",187,"2002",NA,NA,NA,NA,1.2958,2206861.12045,501980,NA
"2772",187,"2003",NA,NA,NA,NA,1.2958,2319715.768,663127,NA
"2773",187,"2004",NA,NA,NA,NA,1.2958,1796366.62606,1275153.75,NA
"2806",190,"2005",NA,NA,NA,NA,0.0653,990167.26,NA,NA
"2807",190,"2006",NA,NA,NA,NA,0.0653,2446230.247,0,NA
"2808",190,"2007",NA,NA,NA,NA,0.07,2912519.194,76834,NA
"2809",190,"2008",NA,NA,NA,NA,0.07,2554713.297,210301,NA
"2810",190,"2009",NA,NA,NA,NA,0.07,2156688.85007776,394792.5,NA
"2811",190,"2010",NA,NA,NA,NA,0.07,1269577.57,366346,NA
"2812",190,"2011",NA,NA,NA,NA,0.06,980391.27,1578376,NA
"2820",190,"2003",NA,NA,NA,NA,0.0653,91246.368,315916,NA
"2821",190,"2004",NA,NA,NA,NA,0.0653,121865.633,916909,NA
"2822",191,"2005",0.158003278375876,3033797,231277,231277,1.0038,580310.6,NA,NA
"2823",191,"2006",0.0288095995461785,5870988,178508,178508,1.0038,724773.7,542542,NA
"2824",191,"2007",0.138256748277994,4367005.4,447882,473082,1,583590.6,92558,NA
"2825",191,"2008",0.222196442546441,7261338.3611373,1039671,1065672,1,3999594.82,1027625,NA
"2826",191,"2009",0.152650561746185,8423455.4343196,743923,748923,0.97,4284073,7490251,NA
"2827",191,"2010",0.162291283315285,5665906.8737864,655518,655668,0.99,3420860.6,4551554,NA
"2828",191,"2011",0.13475031144775,5808644,602446,602446,1.11,3918538.44,5403566,NA
"2835",191,"2002",NA,NA,NA,NA,1.0038,1771289.62,NA,NA
"2836",191,"2003",NA,NA,NA,NA,1.0038,1840290.10876,30000,NA
"2837",191,"2004",NA,NA,NA,NA,1.0038,1758846.48638,NA,NA
"2838",192,"2005",0.148110445955288,483392,90237,90237,0.7538,2444935.66,NA,87780
"2839",192,"2006",0.0632314483183501,3196687.37,236144,233145,0.7538,2705781.72417,6004025,39200
"2840",192,"2007",0.12775982166778,4176617.7153076,454569,458319,0.75,3053000.64693,1479519,NA
"2841",192,"2008",0.254054029550414,2573440,642025,642025,0.75,2732771.76,2770590,NA
"2842",192,"2009",0.235628261048363,6311616,559256,559256,0.65,4852077.7848663,3834267,8000
"2843",192,"2010",0.0893699895791733,6002238,407573,407573,0.69,3831715.62096745,3033200,NA
"2844",192,"2011",0.0662302492823518,6135321,313254,313254,0.72,5231918.41984,4626950,NA
"2851",192,"2002",NA,NA,NA,NA,0.7538,1485907.179,3733731,NA
"2852",192,"2003",NA,NA,NA,NA,0.7538,1476073.868,914746,NA
"2853",192,"2004",NA,NA,NA,NA,0.7538,2503176.37612,516282,NA
"2869",194,"2005",0.126672455395163,1033817,112115,112115,0.4304,1018466.275,NA,NA
"2870",194,"2006",0.268645831892305,946548,189944,189944,0.4304,1052399,846440,39862
"2871",194,"2007",0.273820519074285,1065233,222994,237994,0.43,1017821.80077,2320221,49980
"2872",194,"2008",0.474958394230132,960672,388372,388372,0.43,784176.88,3833811,NA
"2873",194,"2009",0.580746597053703,760014,364484,364484,0.4,707593,5093191.49,3500
"2874",194,"2010",0.390119579864833,912632,276747,276747,0.38,672058,5188098,110896
"2875",194,"2011",0.317960294750547,1125360,264193,264193,0.37,675360.94,6950139,NA
"2882",194,"2002",NA,NA,NA,NA,0.4304,791516.11931,71561,NA
"2883",194,"2003",NA,NA,NA,NA,0.4304,701656.768,683322,NA
"2884",194,"2004",NA,NA,NA,NA,0.4304,1017604.253,211797,NA
"2901",196,"2005",0.245760975600773,448477,110378,110378,0.4285,878312.76,NA,78932
"2902",196,"2006",0.158509058010396,1317756,187047,187047,0.4285,1592296.48,45166,188964
"2903",196,"2007",0.295956606483191,1384832,245265,260265,0.43,1354675.98,78341,136298
"2904",196,"2008",0.54382254100809,1145578.2499844,391026,395026,0.43,1315954.72,561847,123310
"2905",196,"2009",0.525321463300154,992629,371422,371422,0.43,1094952.21,2101463,NA
"2906",196,"2010",0.552177458498339,624153,312462,312462,0.42,1026722.55533333,7120553,314093
"2907",196,"2011",0.589559974136199,520003,271126,271126,0.41,1195901,10438892,144000
"2914",196,"2002",NA,NA,NA,NA,0.4285,778722.31192,859675,NA
"2915",196,"2003",NA,NA,NA,NA,0.4285,1030515.98187,794543,NA
"2916",196,"2004",NA,NA,NA,NA,0.4285,719245.16647,158699,NA
"2917",197,"2005",0.188189412036573,1985171,244361.5,276862,1.0653,3257091.06,NA,182680
"2918",197,"2006",0.127085290961319,5012508.1828949,424255.60103237,426893,1.0653,4553319.70003,3260917,189358
"2919",197,"2007",0.189763631650061,6325241.2816417,751129,757129,1.07,4819165.39995,5010238,584416
"2920",197,"2008",0.276155725994976,6625360.58510325,1017129,1074130,1.07,5909873.26,10567275,242000
"2921",197,"2009",0.186036803890781,8335271.90769679,871110,1101946,1.04,6179851.54998054,13805041.95,321000
"2922",197,"2010",0.230495173800619,7005539.16075291,825428,939590,1,5723694.097,15703305,457000
"2923",197,"2011",0.20336320179194,3951327.63805124,484994,538994,1.04,4398806.5,18439974,NA
"2930",197,"2002",NA,NA,NA,NA,1.0653,2384144.765,3443438,NA
"2931",197,"2003",NA,NA,NA,NA,1.0653,2702185.048,4422705,NA
"2932",197,"2004",NA,NA,NA,NA,1.0653,3401452.933,2972848,NA
"2933",198,"2005",0.268060011059738,1095281,262514,262514,1.2983,2410749.26,NA,36450
"2934",198,"2006",0.18535720691922,2664315,379811,379811,1.2983,2355655,2652100.66706,NA
"2935",198,"2007",0.379518601362496,2098712,695684,695684,1.3,2258422,2631139.88311,NA
"2936",198,"2008",0.448340923351313,1012758,460550,460550,1.3,1549796,4273883.01115,NA
"2937",198,"2009",0.821898420069878,212945,192016,192016,1.51,1037505.5,8895222.00848,NA
"2938",198,"2010",0.635149793476379,456791,307675,307675,1.42,883556,14100689,NA
"2939",198,"2011",0.417560831237106,1729735,666832,666832,1.4,1511358,11820657,NA
"2946",198,"2002",NA,NA,NA,NA,1.2983,1837171.34001,3014833,NA
"2947",198,"2003",NA,NA,NA,NA,1.2983,2045180.818,3736428,NA
"2948",198,"2004",NA,NA,NA,NA,1.2983,2893516.7891,3565878.30093,NA
"2956",200,"2005",NA,NA,NA,NA,0.5528,107654.20815,NA,NA
"2957",200,"2006",0.248026491890065,1493522,295638,295638,0.5528,1302640.26143,455694,NA
"2958",200,"2007",0.0233093765677582,235852,6125,6125,0.55,274327,269369,NA
"2959",200,"2008",0.157969143896331,334873,44735,44735,0.55,235513,1498024,NA
"2960",200,"2009",2.09486586058236,173042,225260,225260,0.61,99291.513,2186304,NA
"2961",200,"2010",1.0099915114557,539442,489162,489162,0.61,368557.46023592,1974577,NA
"2962",200,"2011",0.696634353353227,501027,290382,290382,0.62,409321.7,1822600,NA
"2969",200,"2002",NA,NA,NA,NA,0.5528,457910.07,NA,NA
"2970",200,"2003",NA,NA,NA,NA,0.5528,180817.368,NA,NA
"2971",200,"2004",NA,NA,NA,NA,0.5528,243718.87928,394658,NA
"2972",201,"2005",0.48975263234532,946926,464455,464455,1.1185,1771720.68,NA,484645
"2973",201,"2006",0.487506664249881,2730923,1206183,1206183,1.1185,2228365,4031195.44319,668500
"2974",201,"2007",0.663990127698078,8815723,1915416,1915416,1.12,2410367.47,5052139.70642,1132493
"2975",201,"2008",0.675020600116133,1853622,1061430,1061430,1.12,1825946.8,4865923,606734
"2976",201,"2009",0.745119476701558,1491512,945763,945763,1.37,1065565,5701591,426460
"2977",201,"2010",0.703552778021867,1304096,834558,834558,1.41,1064990,12829711,518852
"2978",201,"2011",0.671586585211146,1453943.06786,823826,835626,1.4,1417849,18880047,NA
"2985",201,"2002",NA,NA,NA,NA,1.1185,1249660.63,2500526,NA
"2986",201,"2003",NA,NA,NA,NA,1.1185,1191263.278,2897415,NA
"2987",201,"2004",NA,NA,NA,NA,1.1185,1445813.4874,2967599,NA
"2988",202,"2005",0.179819710253282,906709,121978,121978,0.9392,2062164.06816,NA,NA
"2989",202,"2006",0.298469200133983,1693392,442098,442098,0.9392,1925796.91083,14778,72400
"2990",202,"2007",0.821822375989984,963035,626396,626396,0.94,987620.7179,552405,NA
"2991",202,"2008",1.09444570997304,553682,409850,409850,0.94,953958.73,1264004,NA
"2992",202,"2009",1.35327907091729,500474,589200,589200,0.92,922149.242,3488543,NA
"2993",202,"2010",1.00702753385075,440932,447316,447316,0.92,1116984.044,3776771,NA
"2994",202,"2011",1.01426861822411,714581,590513,590513,0.91,1472621,6413064,NA
"3001",202,"2002",NA,NA,NA,NA,0.9392,1873963.17058,1525191,NA
"3002",202,"2003",NA,NA,NA,NA,0.9392,2260054.418,477939,NA
"3003",202,"2004",NA,NA,NA,NA,0.9392,1811729.474,534039,NA
"3020",204,"2005",0.182430645510563,3727754,568147,568147,2.5526,241587.36,NA,NA
"3021",204,"2006",0.142684182393899,9268554,979479,979479,2.5526,248204,984634,42000
"3022",204,"2007",0.274881715890831,7302697,1430901,1430901,2.53,184038,1345734,NA
"3023",204,"2008",0.352500493573055,7212745,2137906,2137906,2.53,183425,1942403,NA
"3024",204,"2009",0.288330020647523,8093352,1740167,1740167,2.12,116898.813,3991579,NA
"3025",204,"2010",0.215144333479587,8020469,1201183,1201183,2.09,197086,7372142,NA
"3026",204,"2011",0.194355044793234,7426226,1014075,1014075,2.03,210152.65,10147987,NA
"3033",204,"2002",NA,NA,NA,NA,2.5526,453178.584,402077,NA
"3034",204,"2003",NA,NA,NA,NA,2.5526,1152958.368,744851,NA
"3035",204,"2004",NA,NA,NA,NA,2.5526,939478.633,1229861.4,NA
"3100",209,"2005",0.000223214285714286,329700,75,75,0.0231,9059891.82165,NA,NA
"3101",209,"2006",0.0196819279132725,551280,10500,10500,0.0231,2415226,698852,NA
"3102",209,"2007",8.65090134283477e-05,2687368,-7792,-7792,0.02,2211718,1610951,40656
"3103",209,"2008",0.274801208815216,2266993,470651,470651,1.16,2273646.053,1816430,637934
"3104",209,"2009",0.249839892107211,4261187,800181,800181,0.77,2984304.15147,3135833,66640
"3105",209,"2010",0.20014858668953,3833526,550536,550536,0.77,1889722,6803834,NA
"3106",209,"2011",0.138336704899034,4286287,322246,322246,0.79,2776229.75,6725905,NA
"3113",209,"2002",NA,NA,NA,NA,0.0231,10397.12,620643,NA
"3114",209,"2003",NA,NA,NA,NA,0.0231,117791.068,452864,NA
"3115",209,"2004",NA,NA,NA,NA,0.0231,435782.633,646380,NA
"3132",211,"2005",0.358327441298625,564926,225123,225123,0.7892,1197514.46,NA,42079
"3133",211,"2006",0.188019091679018,1955128,327060,327060,0.7892,1775044.32,143055,243451
"3134",211,"2007",0.255682443768858,2588180,542389,542389,0.79,1994028.0001,265694,276171
"3135",211,"2008",0.370158799943088,2664310,743570,743570,0.79,2041047.24,1699651,210770
"3136",211,"2009",0.619288935193117,1766501,506431,506431,0.89,757659.65,2924312,182608
"3137",211,"2010",0.947605132606513,1140526,681969,681969,0.02,880492.39105088,4163165,3310
"3138",211,"2011",0.37616356094182,2059895,528720,528720,0.05,1070536.876,4856588,275691
"3145",211,"2002",NA,NA,NA,NA,0.7892,1169439.11976,243142,NA
"3146",211,"2003",NA,NA,NA,NA,0.7892,1265010.368,294298,NA
"3147",211,"2004",NA,NA,NA,NA,0.7892,1399941.13457,216386,NA
"3148",212,"2005",0.176945901039172,1208541,163355,163355,0.471,1930511.26,NA,97009
"3149",212,"2006",0.10857861543214,3847497,351826,351826,0.471,3107821.42697,3140802,149448
"3150",212,"2007",0.130081078044505,3393027,339441,339441,0.47,2340248.01995,3080121,248144
"3151",212,"2008",0.249954076803225,3182910,411191,411191,0.47,2073962,3731481,NA
"3152",212,"2009",0.202613972726762,2742787,318211,318211,0.4,1223872,4236355.04233156,NA
"3153",212,"2010",0.276502651429143,2054379,288034,288034,0.53,813718,6601648,19343
"3154",212,"2011",0.251711652127269,1778282,266856,266856,0.54,1191184,8582618,NA
"3161",212,"2002",NA,NA,NA,NA,0.471,1046884.24,206405,NA
"3162",212,"2003",NA,NA,NA,NA,0.471,1419644.368,1709215,NA
"3163",212,"2004",NA,NA,NA,NA,0.471,1278369.133,5250571,NA
"3180",214,"2005",0.163747949408093,1288549.8786846,161978.668267,165773,0.7199,6177873.46602,NA,NA
"3181",214,"2006",0.171115590086399,2090225,313825,313825,0.7199,1901179,589894,NA
"3182",214,"2007",0.344549073908445,3038813,411949,411949,0.79,2438313.898,577103,NA
"3183",214,"2008",0.384465865138825,2090830,673843,673843,0.79,1516678.07523,959951,NA
"3184",214,"2009",0.549631582178261,1166331,557747,557747,0.71,989197.131,1304304,NA
"3185",214,"2010",0.431091512875422,1289062,467756,467756,0.73,1313867.154,3832716,NA
"3186",214,"2011",0.494204794861762,765173,357736,357736,0.74,763480,4609619,NA
"3193",214,"2002",NA,NA,NA,NA,0.7199,1538741.62,287088,NA
"3194",214,"2003",NA,NA,NA,NA,0.7199,1418040.23617,132940,NA
"3195",214,"2004",NA,NA,NA,NA,0.7199,1823978.633,287178,NA
"3212",216,"2005",0.498727851088282,453479,250546,250546,1.965,2389710.26,NA,NA
"3213",216,"2006",0.532819620255781,1832929,804178,804178,1.965,1802854,2184609,NA
"3214",216,"2007",0.790497440878851,1341341,943513,943513,1.97,1354436.564,2079592,NA
"3215",216,"2008",1.1555140312259,1342238,1432628,1432628,1.97,1660504.27,2388260,NA
"3216",216,"2009",1.36234737987024,1293486,1594850,1594850,1.92,1460823.71,3435795,NA
"3217",216,"2010",0.818343372133522,1667225,1226233,1226233,2.01,1672908.325,5246642,87000
"3218",216,"2011",0.555541928806066,2419949,1184421,1184421,2.13,2692827.00011,9012418,120000
"3225",216,"2002",NA,NA,NA,NA,1.965,2290003.84776,3379,NA
"3226",216,"2003",NA,NA,NA,NA,1.965,2732325.2561,352759,NA
"3227",216,"2004",NA,NA,NA,NA,1.965,2999475.06702,629972.7,NA
"3228",217,"2005",NA,NA,NA,NA,0.7884,762918.56867,NA,360000
"3229",217,"2006",1.17732636448023,295537,227500,227500,0.7884,599242.844,186182,557200
"3230",217,"2007",1.10732959010885,711370,560205,560205,0.79,912001.81592,1103101,1205751
"3231",217,"2008",2.47345672018306,298158,661204,661204,0.79,495131.64,2425774,401876
"3232",217,"2009",1.66687343993259,548985,738030,738030,0.77,596043,2174626,319327
"3233",217,"2010",1.46757745772446,370748,459802,459802,0.76,648177,3018000,43617
"3234",217,"2011",2.16155273422298,207991,400921,400921,0.79,484100,3343903,43617
"3241",217,"2002",NA,NA,NA,NA,0.7884,1237881.40048,755386,NA
"3242",217,"2003",NA,NA,NA,NA,0.7884,439016.358,980969,NA
"3243",217,"2004",NA,NA,NA,NA,0.7884,252932.71427,51631.1,NA
"3244",218,"2005",0.104554718727817,3096659,204428,204428,0.871,3604919.84655,NA,NA
"3245",218,"2006",0.110841123105539,5342004.03580062,361706.39137905,422156,0.871,3144149.147,501640,159026
"3246",218,"2007",0.142977778077348,5655658.7286034,460656,474065,0.87,2568301.3,730960,389574
"3247",218,"2008",0.278689702397949,9401550.4395937,888675,914822,0.87,2151961,700414,187968
"3248",218,"2009",0.311092690943523,3966639.9552742,600100,617407,0.73,1309460.03,1188745,40000
"3249",218,"2010",0.405090210244578,3058518.3054579,492401,505216,0.76,657013,2433576,334200
"3250",218,"2011",0.205115325036103,3824675.58108707,381315,403231,0.72,632594,2222945,33736
"3257",218,"2002",NA,NA,NA,NA,0.871,2139376.92638,246078,NA
"3258",218,"2003",NA,NA,NA,NA,0.871,2151149.087,448177,NA
"3259",218,"2004",NA,NA,NA,NA,0.871,2392706.64728,230940,NA
"3323",223,"2005",-0.00223404069474765,659269,-5980,-5980,0.8462,1085421.02252,NA,NA
"3324",223,"2006",0.358410319984185,1424731,429988,429988,0.8462,1625708,2184666,NA
"3325",223,"2007",0.594064212878616,1484090,362997,362997,0.85,1590198,1498401,NA
"3326",223,"2008",0.477947791837612,2028215,772741,772741,0.85,2261962,4155576,NA
"3327",223,"2009",0.429069093455701,1374623,481121,481121,0.79,1529113,4791231,NA
"3328",223,"2010",0.420509540861825,1223551,422893,422893,0.76,1292770,5983079,NA
"3329",223,"2011",0.441496936706816,1094652,418877,418877,0.78,1415967,7808811,NA
"3336",223,"2002",NA,NA,NA,NA,0.8462,752180.92,528126,NA
"3337",223,"2003",NA,NA,NA,NA,0.8462,598541.368,1114162,NA
"3338",223,"2004",NA,NA,NA,NA,0.8462,700793.233,999286,NA
"3402",228,"2005",0.0277188173046997,1213100,33563,33563,1.949,3845407.29341,NA,79503
"3403",228,"2006",0.307057571944474,7295410.1263445,1305505,1305512,1.949,1249022,2577344,1296318
"3404",228,"2007",0.506265620394072,3777502,1097648,1097648,1.95,1467091,2999407,697240
"3405",228,"2008",0.414223179365283,7127780,1638210,1642210,1.95,5336072,3869927,527872
"3406",228,"2009",0.237540946824493,11828325,1454691,1454691,1.89,2463950.151,6829474,521872
"3407",228,"2010",0.246196236820843,10735119,1244856,1244856,2,1642750,15989609,1698362
"3408",228,"2011",0.238398633736765,10357249,1195851,1195851,2.05,2305503,15929554,1859737
"3415",228,"2002",NA,NA,NA,NA,1.949,1586895.29798,3127166,NA
"3416",228,"2003",NA,NA,NA,NA,1.949,1977777.01844,4742574,NA
"3417",228,"2004",NA,NA,NA,NA,1.949,1904815.473,2845880,NA
"3418",229,"2005",0.461754943271584,158858,38045,38045,0.3968,676326.444,NA,NA
"3419",229,"2006",0.685291623098724,541803,205569,205569,0.3968,1409859.5,1299921,NA
"3420",229,"2007",0.271403509254959,352617,56300,56300,0.4,1147566,2264154,NA
"3421",229,"2008",0.370012804959843,486945,100500,100500,0.4,1326776.19,2802540.83333,NA
"3422",229,"2009",0.157688750978906,1483266,146500,146500,0.35,1163664.9500026,3985746.89700563,NA
"3423",229,"2010",0.358749531638703,1579349,251500,251500,0.32,1516674.09401551,2066471,NA
"3424",229,"2011",0.150969043333435,3075237,237200,237200,0.32,1335024.66,1686208,NA
"3431",229,"2002",NA,NA,NA,NA,0.3968,514965.02,692018,NA
"3432",229,"2003",NA,NA,NA,NA,0.3968,969012.26,1789861,NA
"3433",229,"2004",NA,NA,NA,NA,0.3968,1010415.40312,1711004,NA
"3450",231,"2005",0.0538340783546983,4344918,188483,188483,0.7217,4960147.28,NA,374512
"3451",231,"2006",0.0480352062003309,8244630,309420,309420,0.7217,6970762.95262,1276654,193748
"3452",231,"2007",0.0561585912376225,10099985,430052,430052,0.72,7515232,985104,531262
"3453",231,"2008",0.103049145857899,11630375,631045,631045,0.72,6580499,2779361,634574
"3454",231,"2009",0.414013188757951,8744545,606907,606907,0.9,6329174,4201434,525898
"3455",231,"2010",0.116939899296039,7191399,603045,603045,0.87,6122517.8,4535980,204452
"3456",231,"2011",0.103201179244014,5951778,461579,461579,0.8,5488707,4873322,245867
"3463",231,"2002",NA,NA,NA,NA,0.7217,3097451.56073,499940,NA
"3464",231,"2003",NA,NA,NA,NA,0.7217,3361221.168,779540,NA
"3465",231,"2004",NA,NA,NA,NA,0.7217,4200609.15417,1112797,NA
"3466",232,"2005",0.286313419704399,651377,172029,172029,0.6575,1591090.26,NA,NA
"3467",232,"2006",0.224767413145296,1491491,285479,285479,0.6575,1389401.79,22988,NA
"3468",232,"2007",0.347789359371361,1109857,357384,357384,0.66,895525.517,14326,NA
"3469",232,"2008",0.541530620537151,1065677,527180,527180,0.66,988044,231908,NA
"3470",232,"2009",0.846798987042518,522305,412278,412278,0.52,505908.5,1292484,NA
"3471",232,"2010",1.51184346841431,264996,353287,353287,0.51,232774,2364396,NA
"3472",232,"2011",1.21970657166509,203052,247259,247259,0.51,200728,3057280,NA
"3479",232,"2002",NA,NA,NA,NA,0.6575,1522495.57,8650,NA
"3480",232,"2003",NA,NA,NA,NA,0.6575,1685631.3712,101762,NA
"3481",232,"2004",NA,NA,NA,NA,0.6575,1521105.53719,16552,NA
"3530",236,"2005",0.215557143116835,474461,37065,37065,0.1988,595955.26,NA,57824
"3531",236,"2006",0.150563751909248,1662046.8857143,116364,135864,0.1988,1330951,41899,54726
"3532",236,"2007",0.134964779274714,1749262.18181818,181255,197255,0.2,819794.5,314915,156670
"3533",236,"2008",0.186992483206282,2657573.5071213,178334,404283,0.2,1367086,167015,NA
"3534",236,"2009",0.269161388616428,1941877.41753401,164365,287465,0.18,868788,392840,38750
"3535",236,"2010",0.130652746173523,1706185.92737816,110446,138246,0.17,805034,467551,NA
"3536",236,"2011",0.109347697051228,1857245.10227273,134374,155374,0.17,1360721,963466,NA
"3543",236,"2002",NA,NA,NA,NA,0.1988,425437.82,83723,NA
"3544",236,"2003",NA,NA,NA,NA,0.1988,316716.168,116143,NA
"3545",236,"2004",NA,NA,NA,NA,0.1988,587919.633,51271,NA
"3610",241,"2005",0.0358919460803535,164589,15202,15202,0.2547,311503.26,NA,NA
"3611",241,"2006",0.381919222743327,225784,72241,72241,0.2547,137180,0,NA
"3612",241,"2007",0.439317161165366,440556,144850,144850,0.25,431629.4,12590,NA
"3613",241,"2008",0.561263778986046,297291,162730,162730,0.25,304944,326826,NA
"3614",241,"2009",0.734626006878503,286809,136200,136200,0.2,186772,373142,NA
"3615",241,"2010",0.60875612019672,517797,248250,248250,0.2,251059,539152,NA
"3616",241,"2011",1.01635398990986,178251,113011,113011,0.2,116681,891306,NA
"3623",241,"2002",NA,NA,NA,NA,0.2547,328848.12,10340,NA
"3624",241,"2003",NA,NA,NA,NA,0.2547,279641.368,30479,NA
"3625",241,"2004",NA,NA,NA,NA,0.2547,192595.633,NA,NA
"3754",250,"2005",0.316084401782137,818996,246606,246606,0.6821,1190531.26,NA,173000
"3755",250,"2006",0.253710425256241,1645583.9629628,330613.037037,369352,0.6821,1726028.3,299093,405273
"3756",250,"2007",0.274961346456824,2252728.45540225,379310,389310,0.81,1752141.7,4928151,202000
"3757",250,"2008",0.387522735861177,2851974.83282566,663107,693855,0.81,1578615.45421,9856796,NA
"3758",250,"2009",0.223822188826566,3319565,526033,526033,1.1,1068599.25501,13935453,NA
"3759",250,"2010",0.417357685794341,2411128,692213,692213,1.03,782503.188,17726948,NA
"3760",250,"2011",0.256732114029408,2943721.1343956,512493,524415,1.05,756562.3,19110701,NA
"3767",250,"2002",NA,NA,NA,NA,0.6821,1414690.24166,507311,NA
"3768",250,"2003",NA,NA,NA,NA,0.6821,1458895.368,69653.74,NA
"3769",250,"2004",NA,NA,NA,NA,0.6821,905431.633,439688,NA
"3770",251,"2005",1.56455862977602,16400.4286535,25659.4321818,38000,0.2971,373133.7,NA,NA
"3771",251,"2006",0.300286579501733,325796.1124091,89672.57196385,90857,0.2971,353567.20004,0,NA
"3772",251,"2007",0.32032261068228,499939,155842,155842,0.3,444121.09994,243823,NA
"3773",251,"2008",0.50170036289792,268129,130913,130913,0.3,455853,518866.3,NA
"3774",251,"2009",-0.0380951237793917,1263821,318549,318549,0.23,1327039.65,866014,248069
"3775",251,"2010",0.516552560805498,476762,207489,207489,0.25,331710.25,1020845,57300
"3776",251,"2011",0.079690612914567,42665,3400,3400,0.26,168924,1499327,NA
"3783",251,"2002",NA,NA,NA,NA,0.2971,325225.299,93854,NA
"3784",251,"2003",NA,NA,NA,NA,0.2971,375462.7679,19600,NA
"3785",251,"2004",NA,NA,NA,NA,0.2971,336248.06984,6641,NA
"3786",252,"2005",NA,NA,NA,NA,0.4889,260123.16476,NA,NA
"3787",252,"2006",0.22897780782085,106960,16375,16375,0.4889,249199,1315785,NA
"3788",252,"2007",0.0979722735197924,815713,63926,63926,0.49,235345,945895,NA
"3789",252,"2008",0.838257276692362,621304,230550,230550,0.49,342810,843435,11000
"3790",252,"2009",0.606641504973359,553960.6363636,142681,142781,0.45,177315,1479299,20000
"3791",252,"2010",0.36043460128929,1060725.3333333,273800,275300,0.42,122824,1153815,22000
"3792",252,"2011",0.170241762521813,738889,103613,103613,0.42,301135,1628703,32000
"3799",252,"2002",NA,NA,NA,NA,0.4889,362390.62,1572371,NA
"3800",252,"2003",NA,NA,NA,NA,0.4889,299355.368,2211533,NA
"3801",252,"2004",NA,NA,NA,NA,0.4889,230532.633,2086747.3,NA
"3802",253,"2005",0.167733397238666,8468524.227216,981573.2144257,989263,3.8827,5337735.02677,NA,NA
"3803",253,"2006",0.102878832334201,20326666.3439552,1362529,1392529,3.8827,11102512.88435,14191,NA
"3804",253,"2007",0.179939191657472,18457991,2162359,2162359,3.88,6751262,86954.25684,NA
"3805",253,"2008",0.511201420705948,10232838.3359786,3233622,3248622,3.88,2349496,120374,NA
"3806",253,"2009",0.299340399101088,13981193.1497585,2532066,2543273,2.11,2741710,350973,NA
"3807",253,"2010",0.105018909950625,21217302.909766,1275101,1277501,2.14,3625457,465183,NA
"3808",253,"2011",0.091496568090279,14581629,1055895,1055895,2.08,4312865,555732,NA
"3815",253,"2002",NA,NA,NA,NA,3.8827,5755798.78705,6725,NA
"3816",253,"2003",NA,NA,NA,NA,3.8827,6860811.46175,500,NA
"3817",253,"2004",NA,NA,NA,NA,3.8827,6949827.78922,NA,NA
"3834",255,"2005",0.607248906303121,168502,93430,93430,0.6813,1232091.26,NA,NA
"3835",255,"2006",0.698063141058994,495086,314967,314967,0.6813,657604,469952,NA
"3836",255,"2007",1.01440488730699,677719,426537,426537,0.68,715051,1324903.09,32000
"3837",255,"2008",1.04325521653824,472813,364482,364482,0.68,472590,347068,16000
"3838",255,"2009",1.47968903808464,440810,486185,486185,0.61,461849,258565,NA
"3839",255,"2010",2.12007921429264,183941,330955,330955,0.47,296152,853933,NA
"3840",255,"2011",2.44952429493714,54715,84732,84732,0.47,692865,1326909,NA
"3847",255,"2002",NA,NA,NA,NA,0.6813,190631.87537,107847,NA
"3848",255,"2003",NA,NA,NA,NA,0.6813,525771.698,30948,NA
"3849",255,"2004",NA,NA,NA,NA,0.6813,588293.633,NA,NA
"3850",256,"2005",0.395927092217148,880476,270289,270289,1.1023,2148500.172,NA,92626
"3851",256,"2006",0.296035779714944,1494346,442069,442069,1.1023,1754405.09999,107965,372489
"3852",256,"2007",0.768651522778678,1143066,801063,801063,1.1,1194697.08,312631,260550
"3853",256,"2008",0.894094015976847,1144256,943340,943340,1.1,1594476.025,2655604,285000
"3854",256,"2009",1.03329146520871,940413,816118,816118,0.97,1419442.99996,2736898,279620
"3855",256,"2010",0.497789571798792,736740,302722,302722,1.03,839545.27,2285708,277920
"3856",256,"2011",0.513787263664534,289300,141000,141000,1.05,1627384.5,4110363,NA
"3863",256,"2002",NA,NA,NA,NA,1.1023,2047987.12,NA,NA
"3864",256,"2003",NA,NA,NA,NA,1.1023,1841523.81531,106159,NA
"3865",256,"2004",NA,NA,NA,NA,1.1023,1967688.853,78450,NA
"3866",257,"2005",0.113809327362107,1853894,142699,142699,0.6979,1179220.79,NA,NA
"3867",257,"2006",0.111001712982563,4353433.35646054,218581,300182,0.6979,1772218.17,800950.36,NA
"3868",257,"2007",0.112018324308377,5514167.2846924,413894,420032,0.7,1585447.7,700127.62,23400
"3869",257,"2008",0.224417326378691,4980805,828140,828140,0.7,1318885,2318658.42,307716
"3870",257,"2009",0.180690886887934,5587501,698137,698137,0.71,1254597,3647848.22,362400
"3871",257,"2010",0.270994434236543,4499661,713633,713633,0.75,1157022,5006093,609000
"3872",257,"2011",0.277954003228315,4791524,618106,618106,0.78,694946.2,5814788,450000
"3879",257,"2002",NA,NA,NA,NA,0.6979,1254310.12,734519,NA
"3880",257,"2003",NA,NA,NA,NA,0.6979,1142108.368,1028453,NA
"3881",257,"2004",NA,NA,NA,NA,0.6979,1034206.533,1121610.76,NA
"3882",258,"2005",0.0656934103496568,920222.58553869,10023.36843896,79832,0.1681,1165482.26,NA,NA
"3883",258,"2006",0.0812216374331097,1939105.59613853,85419.24712367,160537,0.1681,1840506.32,448867,53686
"3884",258,"2007",0.0956731677217723,2209893,179024,179024,0.48,1813376,821903,NA
"3885",258,"2008",0.243527728540891,2452237,417733,417733,0.48,1355910.8,2416676,NA
"3886",258,"2009",0.276055080994024,2061933,342988,342988,0.48,1116411.37396,1586539,NA
"3887",258,"2010",0.314295251339073,1381254,306599,306599,0.45,794907.86,2741186,NA
"3888",258,"2011",0.298617248352363,825463,211469,211469,0.46,679563,3924446,NA
"3895",258,"2002",NA,NA,NA,NA,0.1681,284222.12,964431,NA
"3896",258,"2003",NA,NA,NA,NA,0.1681,651170.368,944108,NA
"3897",258,"2004",NA,NA,NA,NA,0.1681,504846.633,1565844,NA
"3898",259,"2005",0.478909163172406,900635,364873,364873,1.3696,3980965.44018,NA,122173
"3899",259,"2006",0.314595723907054,2825726,815225,815225,1.3696,4479389.56213,4597309,2728412
"3900",259,"2007",0.73750074361172,2127759,1229792,1229792,1.37,3170495.4766,4276312.00008,2468560
"3901",259,"2008",1.26387403991336,1972197,1838757,1838757,1.37,2210197.216,4348307,1889780
"3902",259,"2009",1.60186409916985,1226327,1556117,1556117,1.77,2121394.71,3991753,1361480
"3903",259,"2010",1.37129081716752,961268,1030323,1030323,1.78,1636754.175,11448328,566800
"3904",259,"2011",1.3684208741256,902990,855710,855710,1.87,2075173.18930958,14531573,540000
"3911",259,"2002",NA,NA,NA,NA,1.3696,2460988.8432,4618240.6,NA
"3912",259,"2003",NA,NA,NA,NA,1.3696,3167286.21765,3430993,NA
"3913",259,"2004",NA,NA,NA,NA,1.3696,2811670.73302,2422172,NA
"3914",260,"2005",0.21779817370743,275204,63694,63694,0.1964,359494.26,NA,41061
"3915",260,"2006",0.1984726322217,704115,103531,103531,0.1964,631039,130565,NA
"3916",260,"2007",0.242764739867842,256718,46500,46500,0.2,280847.458,796612,NA
"3917",260,"2008",0.936987169953657,177873,146400,146400,0.2,221258.797,1255505,NA
"3918",260,"2009",1.41997922326675,58955,62197,62197,0.2,80029.495,2389862,NA
"3919",260,"2010",1.07161726164131,107460,114897,114897,0.19,115375.037,2128214,NA
"3920",260,"2011",0.442934529643134,269183,68625,68625,0.19,115498,2110476,NA
"3927",260,"2002",NA,NA,NA,NA,0.1964,288312.036,23501,NA
"3928",260,"2003",NA,NA,NA,NA,0.1964,427841.368,80172,NA
"3929",260,"2004",NA,NA,NA,NA,0.1964,486102.633,21402,NA
